{"ongoing_trials": {}, "hyperparameters": {"space": [{"class_name": "Choice", "config": {"name": "activation_input", "default": "relu", "conditions": [], "values": ["relu", "tanh"], "ordered": false}}, {"class_name": "Int", "config": {"name": "n_layers", "default": null, "conditions": [], "min_value": 1, "max_value": 5, "step": 1, "sampling": "linear"}}, {"class_name": "Int", "config": {"name": "units_0", "default": null, "conditions": [], "min_value": 1, "max_value": 20, "step": 2, "sampling": "linear"}}, {"class_name": "Choice", "config": {"name": "activation_0", "default": "relu", "conditions": [], "values": ["relu", "tanh"], "ordered": false}}, {"class_name": "Float", "config": {"name": "dropout_0", "default": 0.1, "conditions": [], "min_value": 0.1, "max_value": 0.5, "step": 0.05, "sampling": "linear"}}, {"class_name": "Float", "config": {"name": "learning_rate", "default": 1e-07, "conditions": [], "min_value": 1e-07, "max_value": 0.01, "step": null, "sampling": "log"}}, {"class_name": "Int", "config": {"name": "units_1", "default": null, "conditions": [], "min_value": 1, "max_value": 20, "step": 2, "sampling": "linear"}}, {"class_name": "Choice", "config": {"name": "activation_1", "default": "relu", "conditions": [], "values": ["relu", "tanh"], "ordered": false}}, {"class_name": "Float", "config": {"name": "dropout_1", "default": 0.1, "conditions": [], "min_value": 0.1, "max_value": 0.5, "step": 0.05, "sampling": "linear"}}, {"class_name": "Int", "config": {"name": "units_2", "default": null, "conditions": [], "min_value": 1, "max_value": 20, "step": 2, "sampling": "linear"}}, {"class_name": "Choice", "config": {"name": "activation_2", "default": "relu", "conditions": [], "values": ["relu", "tanh"], "ordered": false}}, {"class_name": "Float", "config": {"name": "dropout_2", "default": 0.1, "conditions": [], "min_value": 0.1, "max_value": 0.5, "step": 0.05, "sampling": "linear"}}, {"class_name": "Int", "config": {"name": "units_3", "default": null, "conditions": [], "min_value": 1, "max_value": 20, "step": 2, "sampling": "linear"}}, {"class_name": "Choice", "config": {"name": "activation_3", "default": "relu", "conditions": [], "values": ["relu", "tanh"], "ordered": false}}, {"class_name": "Float", "config": {"name": "dropout_3", "default": 0.1, "conditions": [], "min_value": 0.1, "max_value": 0.5, "step": 0.05, "sampling": "linear"}}, {"class_name": "Int", "config": {"name": "units_4", "default": null, "conditions": [], "min_value": 1, "max_value": 20, "step": 2, "sampling": "linear"}}, {"class_name": "Choice", "config": {"name": "activation_4", "default": "relu", "conditions": [], "values": ["relu", "tanh"], "ordered": false}}, {"class_name": "Float", "config": {"name": "dropout_4", "default": 0.1, "conditions": [], "min_value": 0.1, "max_value": 0.5, "step": 0.05, "sampling": "linear"}}], "values": {"activation_input": "relu", "n_layers": 1, "units_0": 1, "activation_0": "relu", "dropout_0": 0.1, "learning_rate": 1e-07, "units_1": 1, "activation_1": "relu", "dropout_1": 0.1, "units_2": 1, "activation_2": "relu", "dropout_2": 0.1, "units_3": 1, "activation_3": "relu", "dropout_3": 0.1, "units_4": 1, "activation_4": "relu", "dropout_4": 0.1}}, "start_order": ["0", "1", "2", "3", "4", "5", "6"], "end_order": ["0", "1", "2", "3", "4", "5", "6"], "run_times": {"0": 1, "1": 1, "2": 1, "3": 1, "4": 1, "5": 1, "6": 1}, "retry_queue": [], "seed": 5322, "seed_state": 5433, "tried_so_far": ["99113ad255018edf468e6efd1f2c23b3", "36072048a699aa1bfc09a8a33dc29508", "780ec4b514f7867080af68413a8bf39f", "11a9400f82a8f189162cbc95061c789f", "d3fd83601a66cbe632b27f7aac0ad3e2", "c6904bd640052482c764b4323d5cd764", "01fda740757e1ca1d6f8487cc52abb13"], "id_to_hash": {"0": "11a9400f82a8f189162cbc95061c789f", "1": "99113ad255018edf468e6efd1f2c23b3", "2": "c6904bd640052482c764b4323d5cd764", "3": "780ec4b514f7867080af68413a8bf39f", "4": "36072048a699aa1bfc09a8a33dc29508", "5": "01fda740757e1ca1d6f8487cc52abb13", "6": "d3fd83601a66cbe632b27f7aac0ad3e2"}, "display": {"search_start": "2023-12-10T07:18:13.350776", "trial_start": {"0": "2023-12-10T07:18:13.350776", "1": "2023-12-10T07:22:30.197457", "2": "2023-12-10T07:41:09.636354", "3": "2023-12-10T08:04:23.310833", "4": "2023-12-10T08:13:28.694343", "5": "2023-12-10T08:21:15.240703", "6": "2023-12-10T08:30:25.848200"}, "trial_number": {"0": 1, "1": 2, "2": 3, "3": 4, "4": 5, "5": 6, "6": 7}}}