{"trial_id": "4", "hyperparameters": {"space": [{"class_name": "Choice", "config": {"name": "activation_input", "default": "relu", "conditions": [], "values": ["relu", "tanh"], "ordered": false}}, {"class_name": "Int", "config": {"name": "n_layers", "default": null, "conditions": [], "min_value": 1, "max_value": 5, "step": 1, "sampling": "linear"}}, {"class_name": "Int", "config": {"name": "units_0", "default": null, "conditions": [], "min_value": 1, "max_value": 20, "step": 2, "sampling": "linear"}}, {"class_name": "Choice", "config": {"name": "activation_0", "default": "relu", "conditions": [], "values": ["relu", "tanh"], "ordered": false}}, {"class_name": "Float", "config": {"name": "dropout_0", "default": 0.1, "conditions": [], "min_value": 0.1, "max_value": 0.5, "step": 0.05, "sampling": "linear"}}, {"class_name": "Float", "config": {"name": "learning_rate", "default": 1e-07, "conditions": [], "min_value": 1e-07, "max_value": 0.01, "step": null, "sampling": "log"}}, {"class_name": "Int", "config": {"name": "units_1", "default": null, "conditions": [], "min_value": 1, "max_value": 20, "step": 2, "sampling": "linear"}}, {"class_name": "Choice", "config": {"name": "activation_1", "default": "relu", "conditions": [], "values": ["relu", "tanh"], "ordered": false}}, {"class_name": "Float", "config": {"name": "dropout_1", "default": 0.1, "conditions": [], "min_value": 0.1, "max_value": 0.5, "step": 0.05, "sampling": "linear"}}, {"class_name": "Int", "config": {"name": "units_2", "default": null, "conditions": [], "min_value": 1, "max_value": 20, "step": 2, "sampling": "linear"}}, {"class_name": "Choice", "config": {"name": "activation_2", "default": "relu", "conditions": [], "values": ["relu", "tanh"], "ordered": false}}, {"class_name": "Float", "config": {"name": "dropout_2", "default": 0.1, "conditions": [], "min_value": 0.1, "max_value": 0.5, "step": 0.05, "sampling": "linear"}}, {"class_name": "Int", "config": {"name": "units_3", "default": null, "conditions": [], "min_value": 1, "max_value": 20, "step": 2, "sampling": "linear"}}, {"class_name": "Choice", "config": {"name": "activation_3", "default": "relu", "conditions": [], "values": ["relu", "tanh"], "ordered": false}}, {"class_name": "Float", "config": {"name": "dropout_3", "default": 0.1, "conditions": [], "min_value": 0.1, "max_value": 0.5, "step": 0.05, "sampling": "linear"}}, {"class_name": "Int", "config": {"name": "units_4", "default": null, "conditions": [], "min_value": 1, "max_value": 20, "step": 2, "sampling": "linear"}}, {"class_name": "Choice", "config": {"name": "activation_4", "default": "relu", "conditions": [], "values": ["relu", "tanh"], "ordered": false}}, {"class_name": "Float", "config": {"name": "dropout_4", "default": 0.1, "conditions": [], "min_value": 0.1, "max_value": 0.5, "step": 0.05, "sampling": "linear"}}], "values": {"activation_input": "tanh", "n_layers": 5, "units_0": 11, "activation_0": "relu", "dropout_0": 0.35, "learning_rate": 0.0001645562914771347, "units_1": 17, "activation_1": "relu", "dropout_1": 0.4, "units_2": 11, "activation_2": "relu", "dropout_2": 0.15000000000000002, "units_3": 15, "activation_3": "tanh", "dropout_3": 0.2, "units_4": 3, "activation_4": "relu", "dropout_4": 0.30000000000000004}}, "metrics": {"metrics": {"loss": {"direction": "min", "observations": [{"value": [1.0977497412236378e-11], "step": 109}]}, "val_loss": {"direction": "min", "observations": [{"value": [4.567501903316821e-12], "step": 109}]}}}, "score": 4.567501903316821e-12, "best_step": 109, "status": "COMPLETED", "message": null}