{"trial_id": "6", "hyperparameters": {"space": [{"class_name": "Choice", "config": {"name": "activation_input", "default": "relu", "conditions": [], "values": ["relu", "tanh"], "ordered": false}}, {"class_name": "Int", "config": {"name": "n_layers", "default": null, "conditions": [], "min_value": 1, "max_value": 5, "step": 1, "sampling": "linear"}}, {"class_name": "Int", "config": {"name": "units_0", "default": null, "conditions": [], "min_value": 1, "max_value": 20, "step": 2, "sampling": "linear"}}, {"class_name": "Choice", "config": {"name": "activation_0", "default": "relu", "conditions": [], "values": ["relu", "tanh"], "ordered": false}}, {"class_name": "Float", "config": {"name": "dropout_0", "default": 0.1, "conditions": [], "min_value": 0.1, "max_value": 0.5, "step": 0.05, "sampling": "linear"}}, {"class_name": "Float", "config": {"name": "learning_rate", "default": 1e-07, "conditions": [], "min_value": 1e-07, "max_value": 0.01, "step": null, "sampling": "log"}}, {"class_name": "Int", "config": {"name": "units_1", "default": null, "conditions": [], "min_value": 1, "max_value": 20, "step": 2, "sampling": "linear"}}, {"class_name": "Choice", "config": {"name": "activation_1", "default": "relu", "conditions": [], "values": ["relu", "tanh"], "ordered": false}}, {"class_name": "Float", "config": {"name": "dropout_1", "default": 0.1, "conditions": [], "min_value": 0.1, "max_value": 0.5, "step": 0.05, "sampling": "linear"}}, {"class_name": "Int", "config": {"name": "units_2", "default": null, "conditions": [], "min_value": 1, "max_value": 20, "step": 2, "sampling": "linear"}}, {"class_name": "Choice", "config": {"name": "activation_2", "default": "relu", "conditions": [], "values": ["relu", "tanh"], "ordered": false}}, {"class_name": "Float", "config": {"name": "dropout_2", "default": 0.1, "conditions": [], "min_value": 0.1, "max_value": 0.5, "step": 0.05, "sampling": "linear"}}, {"class_name": "Int", "config": {"name": "units_3", "default": null, "conditions": [], "min_value": 1, "max_value": 20, "step": 2, "sampling": "linear"}}, {"class_name": "Choice", "config": {"name": "activation_3", "default": "relu", "conditions": [], "values": ["relu", "tanh"], "ordered": false}}, {"class_name": "Float", "config": {"name": "dropout_3", "default": 0.1, "conditions": [], "min_value": 0.1, "max_value": 0.5, "step": 0.05, "sampling": "linear"}}, {"class_name": "Int", "config": {"name": "units_4", "default": null, "conditions": [], "min_value": 1, "max_value": 20, "step": 2, "sampling": "linear"}}, {"class_name": "Choice", "config": {"name": "activation_4", "default": "relu", "conditions": [], "values": ["relu", "tanh"], "ordered": false}}, {"class_name": "Float", "config": {"name": "dropout_4", "default": 0.1, "conditions": [], "min_value": 0.1, "max_value": 0.5, "step": 0.05, "sampling": "linear"}}], "values": {"activation_input": "relu", "n_layers": 5, "units_0": 15, "activation_0": "relu", "dropout_0": 0.1, "learning_rate": 0.00021476072566595724, "units_1": 17, "activation_1": "tanh", "dropout_1": 0.1, "units_2": 9, "activation_2": "relu", "dropout_2": 0.15000000000000002, "units_3": 17, "activation_3": "tanh", "dropout_3": 0.45000000000000007, "units_4": 15, "activation_4": "tanh", "dropout_4": 0.15000000000000002}}, "metrics": {"metrics": {"loss": {"direction": "min", "observations": [{"value": [2.3274257983837052e-10], "step": 182}]}, "val_loss": {"direction": "min", "observations": [{"value": [4.5805150760321505e-12], "step": 182}]}}}, "score": 4.5805150760321505e-12, "best_step": 182, "status": "COMPLETED", "message": null}